,demo_age_5_17,demo_age_17_
demo_age_5_17,1.0,0.991069416565521
demo_age_17_,0.991069416565521,1.0
